{"_runtime":1046.696534369,"_step":1457,"lr":1.459839357429719e-06,"_wandb":{"runtime":1048},"train_total_loss":1.4755859375,"_timestamp":1.7468069090019073e+09}