{"train_total_loss": 2.897627592086792, "_timestamp": 1746651463.7244973, "_runtime": 522.2332653999329, "_step": 1, "lr": 0.0}