{"_timestamp":1.747025658078989e+09,"_runtime":533.874226376,"lr":2.1915887850467292e-07,"_wandb":{"runtime":534},"_step":943,"train_total_loss":1.9365234375}