{"train_total_loss": 4.762796401977539, "_timestamp": 1746704959.0216727, "_runtime": 39.59277367591858, "_step": 45, "lr": 7.227082540890074e-09}