{"train_total_loss": 308.682861328125, "_timestamp": 1744087086.1448889, "_runtime": 172.8510308265686, "_step": 165, "lr": 2.0000000000000003e-06}