{"train_total_loss": 2.5285940170288086, "_timestamp": 1746652519.1759756, "_runtime": 45.85342264175415, "_step": 21, "lr": 2.307692307692308e-07}