{"train_total_loss":2.507025957107544,"_timestamp":1.7473412455199623e+09,"lr":4.8353188507358094e-08,"_wandb":{"runtime":130},"_runtime":128.483045714,"_step":155}