{"train_total_loss": 4.519513130187988, "_timestamp": 1746654145.8933501, "_runtime": 39.69316816329956, "_step": 47, "lr": 4.871794871794872e-07}